{
  "width": 298,
  "height": 506,
  "cx": [
    [ "UTILISATEUR", 56 ],
    [ "FAVORIS", 56 ],
    [ "ALBUMS", 56 ],
    [ "ETRE", 180 ],
    [ "GENRE", 262 ],
    [ "COMPOSER", 56 ],
    [ "INTERPRETER", 180 ],
    [ "ARTISTES", 56 ]
  ],
  "cy": [
    [ "UTILISATEUR", 68 ],
    [ "FAVORIS", 177 ],
    [ "ALBUMS", 278 ],
    [ "ETRE", 278 ],
    [ "GENRE", 278 ],
    [ "COMPOSER", 379 ],
    [ "INTERPRETER", 379 ],
    [ "ARTISTES", 463 ]
  ],
  "shift": [
    [ "FAVORIS,ALBUMS,0", 0 ],
    [ "FAVORIS,UTILISATEUR,0", 0 ],
    [ "ETRE,GENRE,0", 0 ],
    [ "ETRE,ALBUMS,0", 0 ],
    [ "COMPOSER,ARTISTES,0", 0 ],
    [ "COMPOSER,ALBUMS,0", 0 ],
    [ "INTERPRETER,ARTISTES,0", 0 ],
    [ "INTERPRETER,ALBUMS,0", 0 ]
  ],
  "ratio": []
}
